id,first_name,last_name,email,gender,ip_address
1,Eli,Gyorgy,egyorgy0@symantec.com,Male,9.7.136.212
2,Xenos,Tolcharde,xtolcharde1@tripod.com,Male,26.164.110.42
3,Lusa,Stivens,lstivens2@ow.ly,Female,131.141.9.6
4,Nickie,Cross,ncross3@exblog.jp,Male,66.184.219.13
5,Imogen,Bodman,ibodman4@ftc.gov,Female,61.59.136.210
6,Gerick,Franzini,gfranzini5@delicious.com,Male,47.247.6.56
7,Nalani,Lanney,nlanney6@timesonline.co.uk,Female,233.98.148.161
8,Spike,Rothwell,srothwell7@amazon.com,Male,86.173.186.98
9,Basile,Peppard,bpeppard8@nifty.com,Male,224.247.238.119
10,Seamus,Lynam,slynam9@merriam-webster.com,Male,66.71.56.35
11,Elliott,Guerrero,eguerreroa@ehow.com,Male,21.116.0.43
12,Grace,Bapty,gbaptyb@people.com.cn,Male,237.243.14.55
13,Binnie,Stitson,bstitsonc@fotki.com,Female,46.70.89.144
14,Kelby,Robillard,krobillardd@japanpost.jp,Male,61.8.218.94
15,Tarra,Kenward,tkenwarde@newyorker.com,Female,151.222.72.107
16,Barthel,Enoch,benochf@xrea.com,Male,217.48.104.158
17,Jerrilyn,Silwood,jsilwoodg@webnode.com,Female,24.16.102.3
18,Karoly,Siddens,ksiddensh@tamu.edu,Male,251.15.89.19
19,Herold,Ferrierio,hferrierioi@blogs.com,Male,131.172.153.232
20,Harmonia,Bilbey,hbilbeyj@loc.gov,Female,98.74.116.189
21,Jillene,Le Fleming,jleflemingk@twitter.com,Female,110.46.48.106
22,Dorie,Mandres,dmandresl@123-reg.co.uk,Female,27.53.112.116
23,Jamey,Vinck,jvinckm@goodreads.com,Male,188.89.93.47
24,Robby,Boggas,rboggasn@wufoo.com,Male,218.149.203.68
25,Martin,Fuidge,mfuidgeo@ameblo.jp,Male,94.36.96.117
26,Carmelle,Orleton,corletonp@mozilla.com,Female,135.103.56.248
27,Zaneta,Fowlie,zfowlieq@ibm.com,Female,184.228.191.95
28,Courtenay,Corr,ccorrr@rambler.ru,Female,128.177.124.25
29,Erminia,Broadbent,ebroadbents@walmart.com,Female,242.172.48.218
30,Esdras,Johananoff,ejohananofft@blogger.com,Male,138.8.14.197
31,Rosetta,Lintin,rlintinu@walmart.com,Female,218.16.39.178
32,Delora,Hargrave,dhargravev@hao123.com,Female,197.254.141.15
33,Thelma,Frondt,tfrondtw@baidu.com,Female,149.79.104.128
34,Karleen,Castellini,kcastellinix@reference.com,Female,45.215.87.163
35,Hilliard,Buddles,hbuddlesy@bandcamp.com,Male,17.91.238.189
36,Kelcey,Hof,khofz@google.com.au,Female,41.195.111.48
37,Any,Arghent,aarghent10@dot.gov,Male,22.125.233.156
38,Tammy,Fleury,tfleury11@redcross.org,Female,93.118.9.101
39,Arnold,Dunbar,adunbar12@woothemes.com,Male,81.41.197.204
40,Verge,Adamczewski,vadamczewski13@un.org,Male,235.20.14.241
41,Janna,Dunkerly,jdunkerly14@infoseek.co.jp,Female,47.0.70.190
42,Carly,Townes,ctownes15@cisco.com,Male,168.3.132.142
43,Emmery,Amphlett,eamphlett16@pcworld.com,Male,218.215.40.36
44,Rosalynd,Rimbault,rrimbault17@telegraph.co.uk,Female,193.23.18.163
45,Dudley,Amer,damer18@amazonaws.com,Male,161.139.42.29
46,Hewe,Tetley,htetley19@bbc.co.uk,Male,253.140.54.98
47,Levy,Brierton,lbrierton1a@mozilla.com,Male,190.245.176.248
48,Gwendolen,Elner,gelner1b@newyorker.com,Female,169.86.34.215
49,Drucy,Frickey,dfrickey1c@nsw.gov.au,Female,138.38.16.7
50,Danika,Poag,dpoag1d@histats.com,Female,38.99.10.145
51,Lavena,Ibel,libel1e@nps.gov,Female,245.112.88.101
52,Marabel,Shimman,mshimman1f@mtv.com,Female,98.193.174.80
53,Corene,Rumke,crumke1g@blinklist.com,Female,98.59.228.32
54,Rana,Bendall,rbendall1h@google.it,Female,44.86.248.47
55,Noah,Bucktrout,nbucktrout1i@tripod.com,Male,103.90.94.249
56,Brice,Guyonnet,bguyonnet1j@e-recht24.de,Male,104.147.104.35
57,Leila,Garford,lgarford1k@dot.gov,Female,172.29.115.118
58,Jake,Gillogley,jgillogley1l@huffingtonpost.com,Male,117.70.104.223
59,Edd,Ryam,eryam1m@apple.com,Male,111.163.208.117
60,Eyde,Hobell,ehobell1n@merriam-webster.com,Female,242.118.206.101
61,Chad,Kleiser,ckleiser1o@dropbox.com,Male,105.108.111.205
62,Angele,Tame,atame1p@bandcamp.com,Female,96.218.46.187
63,Klemens,Avo,kavo1q@nature.com,Male,121.73.114.249
64,Romain,Arnall,rarnall1r@cnet.com,Male,157.168.226.164
65,Constancia,Muggleton,cmuggleton1s@dmoz.org,Female,105.50.241.99
66,Dotty,Ulyatt,dulyatt1t@delicious.com,Female,152.37.142.198
67,Linn,MacCollom,lmaccollom1u@apple.com,Male,189.142.185.158
68,Guinna,McCrossan,gmccrossan1v@msn.com,Female,111.241.223.117
69,Tom,Tideswell,ttideswell1w@psu.edu,Male,150.200.56.244
70,Douglass,Sivills,dsivills1x@ibm.com,Male,31.117.155.148
71,Jeniffer,Naton,jnaton1y@accuweather.com,Female,194.42.163.86
72,Nalani,Colliver,ncolliver1z@xinhuanet.com,Female,21.94.226.125
73,Gregoire,Blazej,gblazej20@facebook.com,Male,5.67.159.47
74,Noelle,Keener,nkeener21@wsj.com,Female,116.127.3.124
75,Crosby,Blomfield,cblomfield22@japanpost.jp,Male,163.239.199.133
76,Maureen,Chappelle,mchappelle23@freewebs.com,Female,103.192.204.250
77,Loralee,Jamieson,ljamieson24@prnewswire.com,Female,177.121.234.129
78,Payton,Crix,pcrix25@weibo.com,Male,5.229.235.117
79,Madelene,Shord,mshord26@reddit.com,Female,20.47.73.182
80,Noelyn,Ingliby,ningliby27@indiatimes.com,Female,80.128.188.179
81,Hyacinthie,Ferrettino,hferrettino28@hugedomains.com,Female,154.198.162.14
82,Barbabas,Epsley,bepsley29@goodreads.com,Male,83.219.40.227
83,Almira,Davidge,adavidge2a@statcounter.com,Female,30.164.100.60
84,Chickie,Drohun,cdrohun2b@prnewswire.com,Male,216.161.207.67
85,Crawford,Tupie,ctupie2c@china.com.cn,Male,250.20.55.36
86,Delano,Casse,dcasse2d@github.com,Male,90.178.54.206
87,Nerissa,Jacqueminot,njacqueminot2e@whitehouse.gov,Female,96.248.43.57
88,Shawn,Alcock,salcock2f@photobucket.com,Male,40.49.173.213
89,Florencia,Hordell,fhordell2g@wikispaces.com,Female,214.19.75.141
90,Denver,Bresner,dbresner2h@bravesites.com,Male,138.174.153.104
91,Jocelyn,Braz,jbraz2i@storify.com,Female,195.209.154.130
92,Lorain,Pobjay,lpobjay2j@dot.gov,Female,223.32.17.149
93,Kincaid,Upcraft,kupcraft2k@cafepress.com,Male,177.97.190.122
94,Aldridge,Algy,aalgy2l@paginegialle.it,Male,182.215.130.114
95,Angelina,Gillyett,agillyett2m@timesonline.co.uk,Female,169.170.79.140
96,Fabien,Natwick,fnatwick2n@soup.io,Male,247.194.190.31
97,Haroun,Glaister,hglaister2o@networkadvertising.org,Male,204.108.180.58
98,Wyn,Dik,wdik2p@list-manage.com,Male,32.18.115.49
99,Leanora,Sandilands,lsandilands2q@creativecommons.org,Female,231.22.238.64
100,Leoine,Repp,lrepp2r@hp.com,Female,68.32.9.114
101,Stefano,Connold,sconnold2s@mail.ru,Male,14.94.21.132
102,Xylia,Moule,xmoule2t@amazon.co.uk,Female,7.213.41.171
103,Northrup,Pellant,npellant2u@bravesites.com,Male,26.200.11.164
104,Carmen,Bayman,cbayman2v@dedecms.com,Female,73.253.138.2
105,Brooke,Hadleigh,bhadleigh2w@vimeo.com,Female,236.72.204.45
106,Douglass,Watt,dwatt2x@51.la,Male,146.6.38.51
107,Carolan,McBay,cmcbay2y@amazon.com,Female,133.117.42.205
108,Tomaso,Martello,tmartello2z@1688.com,Male,103.222.220.210
109,Denna,Daughton,ddaughton30@barnesandnoble.com,Female,214.14.192.34
110,Wilow,Ulrik,wulrik31@spotify.com,Female,116.35.125.4
111,Faina,Axford,faxford32@flavors.me,Female,226.240.247.195
112,Jobina,Hares,jhares33@slate.com,Female,158.244.182.82
113,Anton,Yemm,ayemm34@reuters.com,Male,155.86.245.24
114,Esdras,Grange,egrange35@epa.gov,Male,99.65.235.140
115,Audry,Haffner,ahaffner36@woothemes.com,Female,90.64.189.223
116,Philippa,Abrahami,pabrahami37@jimdo.com,Female,118.2.214.130
117,Bastien,Ivanishchev,bivanishchev38@geocities.jp,Male,14.240.255.177
118,Jocelyn,Tyrone,jtyrone39@wordpress.com,Female,110.62.195.53
119,Millisent,Grieves,mgrieves3a@jugem.jp,Female,107.184.190.142
120,Jamie,MacCarroll,jmaccarroll3b@skype.com,Female,4.188.4.155
121,Devin,Poinsett,dpoinsett3c@163.com,Male,3.189.116.0
122,Rosemaria,Enoch,renoch3d@globo.com,Female,152.219.16.144
123,Archie,Sparshatt,asparshatt3e@mozilla.org,Male,206.84.171.223
124,Lon,Wrightem,lwrightem3f@scientificamerican.com,Male,215.0.220.98
125,Mozelle,Garrison,mgarrison3g@buzzfeed.com,Female,211.20.175.199
126,Joann,Gillanders,jgillanders3h@woothemes.com,Female,32.208.241.232
127,Mollie,Siebart,msiebart3i@who.int,Female,21.33.186.190
128,Lorianna,Wavell,lwavell3j@nationalgeographic.com,Female,35.170.40.188
129,Cindelyn,Abbatucci,cabbatucci3k@arizona.edu,Female,95.53.106.54
130,Clim,Shovlin,cshovlin3l@slideshare.net,Male,184.193.123.143
131,Marney,Kingcott,mkingcott3m@hexun.com,Female,223.229.148.222
132,Chelsae,Juleff,cjuleff3n@t.co,Female,71.77.213.164
133,Ogden,Bryns,obryns3o@is.gd,Male,25.245.204.93
134,Nert,Pashen,npashen3p@pagesperso-orange.fr,Female,177.206.42.217
135,Averyl,Fryd,afryd3q@foxnews.com,Female,182.144.172.53
136,Rodney,Bumpass,rbumpass3r@biglobe.ne.jp,Male,158.188.195.79
137,Stephie,Bultitude,sbultitude3s@uol.com.br,Female,190.209.14.96
138,Edward,Kmicicki,ekmicicki3t@google.com.au,Male,223.60.55.99
139,Brett,Casetta,bcasetta3u@theatlantic.com,Female,143.128.154.16
140,Hashim,Grzesiak,hgrzesiak3v@ucsd.edu,Male,31.161.130.16
141,Myrtice,Tarzey,mtarzey3w@ebay.com,Female,206.86.132.83
142,Bronnie,Faloon,bfaloon3x@hud.gov,Male,226.254.60.84
143,Bobby,Ewebank,bewebank3y@xinhuanet.com,Female,141.192.63.42
144,Brendan,Chastaing,bchastaing3z@shareasale.com,Male,248.90.216.53
145,Mame,Christin,mchristin40@amazon.de,Female,103.78.197.222
146,Whitman,Ivain,wivain41@nature.com,Male,99.141.194.132
147,Bernarr,Issett,bissett42@123-reg.co.uk,Male,204.50.139.116
148,Tully,Altham,taltham43@ucoz.ru,Male,4.142.108.53
149,Sully,Drennan,sdrennan44@youku.com,Male,81.183.22.254
150,Sherri,Crose,scrose45@newyorker.com,Female,12.19.211.117
151,Lynnell,Nugent,lnugent46@macromedia.com,Female,78.193.135.162
152,Ludwig,Hookes,lhookes47@tiny.cc,Male,181.104.143.68
153,Dwight,Eburne,deburne48@wix.com,Male,212.25.22.27
154,Myrtle,Trump,mtrump49@techcrunch.com,Female,185.85.217.17
155,Manolo,Scott,mscott4a@bloomberg.com,Male,192.138.18.253
156,Raimondo,Coppock.,rcoppock4b@epa.gov,Male,95.47.58.2
157,Valry,Lissenden,vlissenden4c@spotify.com,Female,90.115.79.116
158,Worthy,Prate,wprate4d@nymag.com,Male,71.89.97.196
159,Stefa,Lacaze,slacaze4e@wikipedia.org,Female,230.89.119.140
160,Enos,Crowdy,ecrowdy4f@ibm.com,Male,243.59.198.45
161,Artemus,Muriel,amuriel4g@opensource.org,Male,2.78.178.190
162,Rina,Tingey,rtingey4h@tripod.com,Female,185.182.248.160
163,Lorrin,Gerran,lgerran4i@goodreads.com,Female,184.78.162.216
164,Paolo,Forst,pforst4j@loc.gov,Male,108.244.255.15
165,Alberta,Cocksedge,acocksedge4k@free.fr,Female,162.70.211.38
166,Kerr,Piel,kpiel4l@usda.gov,Male,224.102.187.177
167,Witty,Graeme,wgraeme4m@vinaora.com,Male,155.56.203.253
168,Hope,de Tocqueville,hdetocqueville4n@nih.gov,Female,173.153.52.153
169,Sherie,Wyles,swyles4o@nytimes.com,Female,59.36.249.28
170,Marcos,Compston,mcompston4p@twitter.com,Male,185.195.215.172
171,Nikoletta,Drummer,ndrummer4q@digg.com,Female,152.178.107.234
172,Ned,Ambrosi,nambrosi4r@stumbleupon.com,Male,118.110.205.93
173,Red,Vertigan,rvertigan4s@people.com.cn,Male,157.115.167.89
174,Dyna,Kollasch,dkollasch4t@deliciousdays.com,Female,191.121.174.37
175,Babita,Coldman,bcoldman4u@a8.net,Female,191.106.158.169
176,Graham,Wayon,gwayon4v@free.fr,Male,12.45.213.126
177,Giselbert,Eivers,geivers4w@hc360.com,Male,189.153.199.241
178,Wilone,Dykas,wdykas4x@bloglines.com,Female,103.72.235.16
179,Rebekah,Enderlein,renderlein4y@cbsnews.com,Female,84.64.128.137
180,Balduin,Dungee,bdungee4z@usda.gov,Male,63.83.207.177
181,Dalia,Luggar,dluggar50@furl.net,Female,35.247.34.251
182,Darrel,Isaksen,disaksen51@paginegialle.it,Male,140.149.81.237
183,Ari,Sushams,asushams52@upenn.edu,Male,254.100.217.72
184,Bron,Dundendale,bdundendale53@washington.edu,Male,5.234.115.82
185,Woodrow,Crissil,wcrissil54@sakura.ne.jp,Male,255.54.169.120
186,Hamish,Dubbin,hdubbin55@bravesites.com,Male,224.214.134.86
187,Elnar,Hysom,ehysom56@smh.com.au,Male,205.119.82.154
188,Eveline,Silbersak,esilbersak57@sun.com,Female,245.47.40.213
189,Margery,Caselli,mcaselli58@hibu.com,Female,243.255.228.131
190,Leora,Hamper,lhamper59@topsy.com,Female,80.160.102.209
191,Elijah,Andover,eandover5a@craigslist.org,Male,4.55.53.150
192,Padraig,Coverly,pcoverly5b@canalblog.com,Male,151.118.92.12
193,Sheila-kathryn,McElrath,smcelrath5c@hexun.com,Female,218.112.65.85
194,Nanon,Mandry,nmandry5d@marketwatch.com,Female,134.219.75.7
195,Alisander,Le Conte,aleconte5e@lycos.com,Male,106.224.155.36
196,Lise,MacTrusty,lmactrusty5f@unesco.org,Female,251.46.35.248
197,Reggie,Joplin,rjoplin5g@prweb.com,Female,81.246.139.95
198,Elwira,Daid,edaid5h@shutterfly.com,Female,138.75.56.86
199,Dukie,Compston,dcompston5i@irs.gov,Male,255.7.90.120
200,Nathanil,Piccard,npiccard5j@icq.com,Male,27.121.168.136
201,Consuelo,Banaszczyk,cbanaszczyk5k@timesonline.co.uk,Female,123.35.188.150
202,Conrado,Bahls,cbahls5l@narod.ru,Male,4.125.242.171
203,Kristel,Dobbins,kdobbins5m@sogou.com,Female,114.24.44.241
204,Ansell,Joblin,ajoblin5n@nationalgeographic.com,Male,183.51.128.243
205,Esmeralda,Cruft,ecruft5o@imgur.com,Female,72.156.194.166
206,Bink,Cullen,bcullen5p@canalblog.com,Male,101.3.133.103
207,Jamison,Waye,jwaye5q@examiner.com,Male,230.52.54.1
208,Sheba,Mathevet,smathevet5r@wiley.com,Female,15.44.231.61
209,Faun,Eppson,feppson5s@europa.eu,Female,242.238.169.52
210,Kirby,Harnwell,kharnwell5t@home.pl,Male,238.245.235.255
211,Kristy,Sullivan,ksullivan5u@fema.gov,Female,254.85.253.23
212,Frederigo,Giraudo,fgiraudo5v@vk.com,Male,52.213.145.14
213,Carrissa,Ivamy,civamy5w@dailymotion.com,Female,223.161.221.64
214,Gothart,Newing,gnewing5x@delicious.com,Male,19.200.187.210
215,Fee,Vizard,fvizard5y@desdev.cn,Male,92.79.194.197
216,Louisette,Plenty,lplenty5z@com.com,Female,5.131.190.89
217,Demetra,Forde,dforde60@deviantart.com,Female,196.74.215.141
218,Marsh,Benedicte,mbenedicte61@artisteer.com,Male,59.218.1.47
219,Kiersten,Gentil,kgentil62@upenn.edu,Female,13.170.189.235
220,Deina,Rishbrook,drishbrook63@i2i.jp,Female,27.82.98.83
221,Helenelizabeth,Cornwall,hcornwall64@timesonline.co.uk,Female,5.80.26.238
222,Maryellen,Edling,medling65@cnn.com,Female,80.79.238.206
223,Karoly,Winscom,kwinscom66@nbcnews.com,Female,229.10.53.196
224,Gifford,Brockton,gbrockton67@about.me,Male,105.53.85.210
225,Milo,Cokayne,mcokayne68@cam.ac.uk,Male,160.13.11.149
226,Orson,Tilmouth,otilmouth69@jalbum.net,Male,174.108.4.108
227,Ebba,Leadston,eleadston6a@netvibes.com,Female,163.239.47.189
228,Inigo,Tyght,ityght6b@time.com,Male,91.100.55.120
229,Piotr,Southworth,psouthworth6c@jigsy.com,Male,183.193.3.208
230,Klemens,Loseby,kloseby6d@umich.edu,Male,208.154.175.217
231,Den,Mathison,dmathison6e@state.tx.us,Male,54.43.247.38
232,Rubina,Fullom,rfullom6f@youku.com,Female,185.194.13.70
233,Maury,Verlinden,mverlinden6g@economist.com,Male,180.150.186.173
234,Royce,Hinks,rhinks6h@taobao.com,Male,135.132.193.219
235,Orson,Bediss,obediss6i@vimeo.com,Male,84.227.165.75
236,Lance,Baughan,lbaughan6j@theglobeandmail.com,Male,52.199.53.124
237,Nataniel,Le Gallo,nlegallo6k@github.io,Male,86.188.209.39
238,Guthrie,Scrauniage,gscrauniage6l@phoca.cz,Male,227.229.69.246
239,Jaquelyn,Sedger,jsedger6m@spotify.com,Female,180.247.219.228
240,Lorraine,Stanaway,lstanaway6n@soup.io,Female,13.180.76.150
241,Bryna,Sherebrook,bsherebrook6o@chicagotribune.com,Female,215.133.167.170
242,Garey,Caseley,gcaseley6p@cdbaby.com,Male,231.88.77.240
243,Lisabeth,Rivett,lrivett6q@fastcompany.com,Female,162.90.135.74
244,Steven,Hadeke,shadeke6r@sfgate.com,Male,180.43.228.172
245,Zacharia,Sinkinson,zsinkinson6s@360.cn,Male,51.206.42.240
246,Troy,Drohan,tdrohan6t@loc.gov,Male,90.30.50.100
247,Gallagher,Dunwoody,gdunwoody6u@google.co.uk,Male,35.242.122.157
248,Christian,Owenson,cowenson6v@mit.edu,Male,116.20.89.39
249,Noreen,Lieber,nlieber6w@cafepress.com,Female,207.169.39.223
250,Valenka,Beardon,vbeardon6x@goo.gl,Female,89.244.18.253
251,Clyde,Lambrecht,clambrecht6y@constantcontact.com,Male,168.36.118.112
252,Herman,Missington,hmissington6z@google.pl,Male,20.192.188.131
253,Elvera,Martinetto,emartinetto70@walmart.com,Female,68.184.37.150
254,Loralie,O'Codihie,locodihie71@vinaora.com,Female,159.93.255.90
255,Giulietta,Hibling,ghibling72@networksolutions.com,Female,193.174.194.216
256,Joel,Ambrosoni,jambrosoni73@acquirethisname.com,Male,247.150.78.48
257,Bren,Wathan,bwathan74@ucoz.ru,Male,63.211.91.66
258,Sandi,Zammitt,szammitt75@soundcloud.com,Female,137.176.211.155
259,Chris,Crohan,ccrohan76@parallels.com,Female,44.188.70.205
260,Liz,Castelin,lcastelin77@reverbnation.com,Female,25.244.31.202
261,Hermione,Brightie,hbrightie78@histats.com,Female,137.145.213.179
262,Yovonnda,Struys,ystruys79@google.pl,Female,164.41.109.142
263,Jeremias,Cranstone,jcranstone7a@bbb.org,Male,28.163.19.141
264,Roxi,Bachelar,rbachelar7b@guardian.co.uk,Female,26.54.51.83
265,Adler,Manon,amanon7c@printfriendly.com,Male,200.75.63.85
266,Ann,Steinham,asteinham7d@newyorker.com,Female,232.56.32.196
267,Brant,De Caroli,bdecaroli7e@va.gov,Male,122.149.251.179
268,Kaleb,Crosse,kcrosse7f@arizona.edu,Male,158.132.162.87
269,Bernadene,Hakonsson,bhakonsson7g@studiopress.com,Female,47.124.250.183
270,Adolphe,Bedome,abedome7h@is.gd,Male,74.240.2.179
271,Baird,Chrestien,bchrestien7i@addtoany.com,Male,12.74.96.250
272,Bertie,Harraway,bharraway7j@constantcontact.com,Female,166.134.213.246
273,Guinna,Halifax,ghalifax7k@netscape.com,Female,167.40.206.32
274,Alyse,Dreamer,adreamer7l@yellowpages.com,Female,71.228.78.13
275,Maggie,Whitlow,mwhitlow7m@cornell.edu,Female,28.19.94.99
276,Barbara-anne,Mildmott,bmildmott7n@archive.org,Female,84.68.114.28
277,Scotti,Drayn,sdrayn7o@digg.com,Male,135.243.243.109
278,Janeta,Sennett,jsennett7p@facebook.com,Female,216.178.198.238
279,Ethelin,Pickton,epickton7q@sohu.com,Female,180.231.161.55
280,Curtis,Rattray,crattray7r@zimbio.com,Male,249.129.43.160
281,Georgy,Lumbley,glumbley7s@businessweek.com,Male,196.91.32.108
282,Aggi,Delgua,adelgua7t@illinois.edu,Female,76.125.207.13
283,Teddy,Evanson,tevanson7u@symantec.com,Female,88.100.84.215
284,Janessa,Gallahue,jgallahue7v@amazon.com,Female,252.211.28.183
285,Alistair,Lehr,alehr7w@yelp.com,Male,126.117.4.98
286,Alf,Conniam,aconniam7x@harvard.edu,Male,206.123.246.15
287,Templeton,Wildman,twildman7y@flavors.me,Male,147.144.19.85
288,Chandra,Yarrow,cyarrow7z@virginia.edu,Female,83.104.88.29
289,Lilas,Jeness,ljeness80@answers.com,Female,141.26.187.204
290,Cesare,Conibere,cconibere81@usda.gov,Male,1.76.47.247
291,Lizabeth,Bartaloni,lbartaloni82@loc.gov,Female,81.19.61.37
292,Adrian,Ovanesian,aovanesian83@elpais.com,Male,112.211.25.53
293,Cale,Jahner,cjahner84@lulu.com,Male,56.134.238.117
294,Valentina,Puckinghorne,vpuckinghorne85@goo.ne.jp,Female,78.50.57.83
295,Jonis,Trippett,jtrippett86@ibm.com,Female,158.85.217.43
296,Aleksandr,Scurrah,ascurrah87@sciencedirect.com,Male,66.46.86.157
297,Sigfrid,Zeale,szeale88@salon.com,Male,190.195.51.155
298,Dione,Jimmes,djimmes89@princeton.edu,Female,209.130.213.206
299,Way,Peatt,wpeatt8a@furl.net,Male,247.43.62.61
300,Kylynn,Evamy,kevamy8b@list-manage.com,Female,136.85.111.8
301,Wernher,MacIntyre,wmacintyre8c@flavors.me,Male,16.237.143.92
302,Roddie,Twigger,rtwigger8d@washingtonpost.com,Male,81.44.250.161
303,Hilly,Jacquemet,hjacquemet8e@samsung.com,Male,117.141.164.50
304,Regine,Gabbatt,rgabbatt8f@hubpages.com,Female,239.11.151.163
305,Stella,Saph,ssaph8g@vinaora.com,Female,239.86.46.79
306,Sherry,Roddy,sroddy8h@twitter.com,Female,100.63.17.166
307,Coleman,Gillitt,cgillitt8i@theatlantic.com,Male,1.92.221.161
308,Philippa,Veld,pveld8j@ovh.net,Female,194.154.80.7
309,Rocky,Kunzelmann,rkunzelmann8k@prweb.com,Male,202.24.75.118
310,Marika,Brosi,mbrosi8l@bbb.org,Female,141.192.250.150
311,Cayla,Riach,criach8m@yahoo.co.jp,Female,193.94.154.171
312,Drusilla,Dunnan,ddunnan8n@meetup.com,Female,97.52.223.203
313,Tomaso,Black,tblack8o@sfgate.com,Male,114.96.236.232
314,Idaline,Renzo,irenzo8p@smh.com.au,Female,124.104.158.70
315,Avram,Barrass,abarrass8q@google.co.uk,Male,109.21.31.235
316,Kacie,Pinck,kpinck8r@webmd.com,Female,90.238.104.219
317,Von,Smyth,vsmyth8s@vk.com,Male,156.253.251.89
318,Albertine,Burchell,aburchell8t@nhs.uk,Female,64.95.41.36
319,Meggie,Brittian,mbrittian8u@nature.com,Female,55.62.105.69
320,Ketty,Dyte,kdyte8v@washington.edu,Female,225.213.135.164
321,Lyn,Schuler,lschuler8w@businesswire.com,Female,231.213.63.22
322,Vasili,Snepp,vsnepp8x@w3.org,Male,150.105.23.21
323,Stevena,Jordi,sjordi8y@barnesandnoble.com,Female,101.204.175.73
324,Shepherd,McQuie,smcquie8z@unicef.org,Male,199.107.41.220
325,Stacie,Dupree,sdupree90@omniture.com,Female,236.225.60.89
326,Emmalee,Cramer,ecramer91@mtv.com,Female,155.134.211.150
327,Bree,MacNeilage,bmacneilage92@whitehouse.gov,Female,54.222.90.107
328,Timotheus,Rossetti,trossetti93@squidoo.com,Male,138.210.14.72
329,Nicolea,Mulvany,nmulvany94@wikipedia.org,Female,243.99.233.105
330,Damon,Fieldgate,dfieldgate95@dailymail.co.uk,Male,27.79.33.22
331,Wilton,Brando,wbrando96@vistaprint.com,Male,44.66.219.39
332,Lindsey,Coite,lcoite97@e-recht24.de,Female,108.67.11.214
333,Antin,Kemme,akemme98@psu.edu,Male,151.161.31.124
334,Gigi,Wloch,gwloch99@qq.com,Female,216.150.4.106
335,Dennie,Dorgon,ddorgon9a@php.net,Male,184.106.4.151
336,Millie,Croall,mcroall9b@youtube.com,Female,133.237.158.96
337,Bucky,Kaplin,bkaplin9c@earthlink.net,Male,90.200.144.63
338,Chen,Hause,chause9d@nyu.edu,Male,217.43.107.215
339,Bengt,Giacomi,bgiacomi9e@cmu.edu,Male,170.46.186.136
340,Auberon,Macewan,amacewan9f@fda.gov,Male,183.240.230.177
341,Beniamino,Manders,bmanders9g@barnesandnoble.com,Male,80.104.137.15
342,Verile,Gasquoine,vgasquoine9h@plala.or.jp,Female,129.201.204.21
343,Arin,de Courcey,adecourcey9i@earthlink.net,Male,4.26.232.55
344,Edee,Frostdyke,efrostdyke9j@skype.com,Female,239.196.32.19
345,Lucias,Neaves,lneaves9k@webs.com,Male,74.146.95.133
346,Raoul,Kite,rkite9l@businessinsider.com,Male,62.207.248.58
347,Andy,Barfield,abarfield9m@vk.com,Female,87.210.80.178
348,Kahlil,Batch,kbatch9n@ezinearticles.com,Male,176.194.38.25
349,Dewie,Culy,dculy9o@digg.com,Male,134.63.78.99
350,Damiano,Lawler,dlawler9p@archive.org,Male,71.82.38.178
351,Tremain,Aps,taps9q@umn.edu,Male,254.22.101.161
352,Boycie,Pedwell,bpedwell9r@addthis.com,Male,59.216.9.139
353,Demott,Kiggel,dkiggel9s@ebay.co.uk,Male,116.184.107.132
354,Ingar,Hughes,ihughes9t@ifeng.com,Male,240.215.108.27
355,Lura,Kittoe,lkittoe9u@google.de,Female,45.61.215.127
356,Quill,Scawn,qscawn9v@tinyurl.com,Male,121.212.200.231
357,Annabell,Wederell,awederell9w@vimeo.com,Female,123.73.182.80
358,Frants,Cleave,fcleave9x@walmart.com,Male,188.70.199.28
359,Gearard,Drohane,gdrohane9y@salon.com,Male,112.143.143.52
360,Carney,Cooper,ccooper9z@ihg.com,Male,212.5.61.121
361,Klaus,Curedell,kcuredella0@twitpic.com,Male,238.153.169.253
362,Mariya,Orwin,morwina1@about.com,Female,177.252.30.18
363,Dareen,Mcimmie,dmcimmiea2@psu.edu,Female,248.1.139.195
364,Gertie,Staton,gstatona3@microsoft.com,Female,3.160.221.45
365,Nonie,McGeraghty,nmcgeraghtya4@nationalgeographic.com,Female,67.168.136.210
366,Seward,Langmuir,slangmuira5@intel.com,Male,59.109.115.223
367,Saunderson,Hundley,shundleya6@accuweather.com,Male,162.33.168.47
368,Francyne,Flanigan,fflanigana7@flavors.me,Female,250.192.7.114
369,Louise,Whelband,lwhelbanda8@earthlink.net,Female,82.176.245.189
370,Heda,Usmar,husmara9@feedburner.com,Female,73.162.37.35
371,Bruce,Noice,bnoiceaa@smugmug.com,Male,51.103.33.29
372,Ellyn,Shyram,eshyramab@instagram.com,Female,78.57.122.197
373,Rustie,Riccelli,rriccelliac@woothemes.com,Male,211.152.156.154
374,Allys,Strass,astrassad@parallels.com,Female,234.98.158.23
375,Irene,Trownson,itrownsonae@fastcompany.com,Female,131.237.27.233
376,Whitney,O' Clovan,woclovanaf@posterous.com,Female,8.48.23.66
377,Mic,Toward,mtowardag@yelp.com,Male,54.48.60.51
378,Daune,Gatteridge,dgatteridgeah@hatena.ne.jp,Female,3.222.37.217
379,Jacquetta,Downham,jdownhamai@multiply.com,Female,188.98.35.213
380,Kenon,Blackwell,kblackwellaj@noaa.gov,Male,143.243.27.145
381,Maurise,Dallemore,mdallemoreak@dion.ne.jp,Male,3.38.107.9
382,Rhodie,Harbour,rharboural@smugmug.com,Female,93.217.46.246
383,Marc,Harrinson,mharrinsonam@cafepress.com,Male,25.89.116.122
384,Westbrooke,Jakubowicz,wjakubowiczan@creativecommons.org,Male,49.102.61.123
385,Alfie,Clendennen,aclendennenao@java.com,Female,104.254.102.56
386,Evangelina,Carsey,ecarseyap@dropbox.com,Female,32.188.247.55
387,Maighdiln,Voak,mvoakaq@nyu.edu,Female,231.119.49.43
388,Katine,Brand,kbrandar@abc.net.au,Female,198.70.196.241
389,Filippa,Stroban,fstrobanas@biblegateway.com,Female,219.229.139.65
390,Heida,MacGiffin,hmacgiffinat@nifty.com,Female,126.60.43.130
391,Kipper,Cavee,kcaveeau@hugedomains.com,Male,204.194.94.178
392,Claribel,Folomin,cfolominav@de.vu,Female,129.35.136.40
393,Stavro,Varty,svartyaw@dion.ne.jp,Male,200.158.226.78
394,Frederik,Maccrea,fmaccreaax@blogs.com,Male,115.233.253.34
395,Fitz,Sneden,fsnedenay@cbslocal.com,Male,146.143.195.23
396,Jaymie,Reisenberg,jreisenbergaz@theatlantic.com,Male,193.238.191.1
397,Dill,Vampouille,dvampouilleb0@live.com,Male,112.76.76.174
398,Lacey,Wrankmore,lwrankmoreb1@marketwatch.com,Female,209.204.188.22
399,Ulysses,McIlwraith,umcilwraithb2@ocn.ne.jp,Male,146.143.87.17
400,Justinn,Conklin,jconklinb3@wunderground.com,Female,13.100.73.111
401,Kelsey,Trippick,ktrippickb4@who.int,Male,212.152.201.155
402,Cob,Senechell,csenechellb5@google.de,Male,160.218.100.222
403,Ileana,Blunden,iblundenb6@jugem.jp,Female,71.26.112.168
404,Briney,Chesswas,bchesswasb7@google.ru,Female,145.164.197.238
405,Rose,MacPhail,rmacphailb8@cpanel.net,Female,181.97.240.138
406,Georgie,Van der Daal,gvanderdaalb9@arizona.edu,Male,14.131.175.210
407,Dinnie,Ollin,dollinba@cbslocal.com,Female,88.112.46.135
408,Mavis,Gerwood,mgerwoodbb@com.com,Female,187.7.26.136
409,Marcy,Denkin,mdenkinbc@telegraph.co.uk,Female,106.227.133.143
410,Micky,Schwartz,mschwartzbd@github.com,Male,226.194.153.32
411,Cleve,Micheli,cmichelibe@cnbc.com,Male,150.234.74.243
412,Wash,Govinlock,wgovinlockbf@github.io,Male,115.181.59.96
413,Constanta,Brandrick,cbrandrickbg@bbb.org,Female,248.232.98.228
414,Tamarra,Chatres,tchatresbh@slashdot.org,Female,61.95.237.125
415,Gianna,Dafforne,gdaffornebi@bing.com,Female,195.34.56.221
416,Noach,Jovey,njoveybj@drupal.org,Male,1.99.158.193
417,Roseanna,Tirone,rtironebk@cmu.edu,Female,42.218.235.197
418,Horst,Ludlom,hludlombl@yelp.com,Male,244.78.202.158
419,Garv,Bagley,gbagleybm@xing.com,Male,171.9.170.204
420,Xylia,Errett,xerrettbn@1688.com,Female,189.214.236.232
421,Kory,Witz,kwitzbo@intel.com,Male,227.229.102.171
422,Ann-marie,Braley,abraleybp@list-manage.com,Female,215.60.3.89
423,Teirtza,Reveland,trevelandbq@bravesites.com,Female,210.177.57.73
424,Mendel,Longworth,mlongworthbr@g.co,Male,1.3.153.227
425,Klement,Jozsa,kjozsabs@diigo.com,Male,251.228.55.132
426,Shayla,Timmes,stimmesbt@storify.com,Female,69.252.187.167
427,Arden,Barti,abartibu@delicious.com,Female,246.130.224.236
428,Carine,Exroll,cexrollbv@npr.org,Female,193.238.96.170
429,Mortimer,Trunkfield,mtrunkfieldbw@virginia.edu,Male,247.203.184.145
430,Davon,Pain,dpainbx@i2i.jp,Male,242.2.151.33
431,Timi,Hodgets,thodgetsby@ted.com,Female,106.24.195.1
432,Garner,Gibbett,ggibbettbz@acquirethisname.com,Male,96.185.36.161
433,Keeley,Loads,kloadsc0@tuttocitta.it,Female,82.75.134.206
434,Mace,Gwyllt,mgwylltc1@techcrunch.com,Male,79.84.185.31
435,Wilek,Lewzey,wlewzeyc2@sourceforge.net,Male,73.139.86.234
436,Ambrosio,Kupke,akupkec3@wunderground.com,Male,120.112.49.154
437,Gloriana,Keysall,gkeysallc4@ed.gov,Female,232.117.148.149
438,Nataline,Lally,nlallyc5@scribd.com,Female,183.223.180.74
439,Rochette,Ochterlony,rochterlonyc6@dell.com,Female,171.12.59.5
440,Constantin,Bibby,cbibbyc7@comsenz.com,Male,169.90.144.108
441,Misti,Peckham,mpeckhamc8@bloglines.com,Female,181.157.81.71
442,Rosalind,Van Leeuwen,rvanleeuwenc9@bbc.co.uk,Female,90.107.184.40
443,Farlay,Jurek,fjurekca@vistaprint.com,Male,181.175.221.112
444,Zita,Kingham,zkinghamcb@ft.com,Female,70.0.215.168
445,Vivyanne,McPhater,vmcphatercc@harvard.edu,Female,82.223.47.45
446,Mehetabel,Speak,mspeakcd@huffingtonpost.com,Female,226.13.13.74
447,Renell,Kasbye,rkasbyece@dell.com,Female,26.90.51.215
448,Pincas,Tweede,ptweedecf@elegantthemes.com,Male,229.66.217.236
449,Yves,Cawdery,ycawderycg@github.com,Male,199.50.189.245
450,Willetta,Wandrach,wwandrachch@exblog.jp,Female,38.226.253.248
451,Benedict,Guntrip,bguntripci@hexun.com,Male,76.88.142.12
452,Hillard,Beric,hbericcj@rambler.ru,Male,40.147.110.149
453,Bevin,Pursey,bpurseyck@mapquest.com,Male,0.2.168.87
454,Ralf,Chessel,rchesselcl@google.com.br,Male,233.2.65.204
455,Janna,Mozzini,jmozzinicm@livejournal.com,Female,219.249.118.137
456,Lisle,Cruikshanks,lcruikshankscn@guardian.co.uk,Male,228.190.213.7
457,Holly,Pourveer,hpourveerco@360.cn,Female,50.38.44.237
458,Myrtia,Maddinon,mmaddinoncp@biblegateway.com,Female,190.197.61.73
459,Bruce,Immer,bimmercq@tinyurl.com,Male,91.129.105.248
460,Crawford,Cathenod,ccathenodcr@craigslist.org,Male,142.255.187.195
461,Michail,Orteau,morteaucs@bbb.org,Male,26.184.161.135
462,Sigvard,Van Leeuwen,svanleeuwenct@wikipedia.org,Male,129.248.107.228
463,Muriel,MacTrustram,mmactrustramcu@miitbeian.gov.cn,Female,65.212.242.213
464,Robbert,Jurries,rjurriescv@live.com,Male,126.18.92.166
465,Blanch,Syce,bsycecw@sogou.com,Female,140.194.250.6
466,Curtice,Lacrouts,clacroutscx@vimeo.com,Male,202.168.153.199
467,Wanids,Keller,wkellercy@nyu.edu,Female,0.89.55.208
468,Parsifal,Vennings,pvenningscz@trellian.com,Male,71.138.237.29
469,Nappie,Elmar,nelmard0@mit.edu,Male,35.186.31.43
470,Roxi,Binnie,rbinnied1@census.gov,Female,67.46.179.174
471,Jean,Larby,jlarbyd2@house.gov,Male,14.215.253.27
472,Ashlin,Douce,adouced3@auda.org.au,Male,28.103.60.255
473,Tiffi,Brockett,tbrockettd4@4shared.com,Female,51.168.133.13
474,Gardiner,Lembke,glembked5@sitemeter.com,Male,221.194.28.40
475,Kasey,Iacovini,kiacovinid6@noaa.gov,Female,243.138.151.161
476,Karlotte,Teasdale-Markie,kteasdalemarkied7@psu.edu,Female,253.55.51.176
477,Yvon,Eathorne,yeathorned8@xinhuanet.com,Male,20.119.253.21
478,Leonid,Winman,lwinmand9@typepad.com,Male,91.16.158.194
479,Clarette,Byway,cbywayda@prnewswire.com,Female,182.41.146.108
480,Pia,Hambribe,phambribedb@is.gd,Female,83.231.50.181
481,Francklin,Baldinotti,fbaldinottidc@businessinsider.com,Male,195.117.229.190
482,Carlen,Ennew,cennewdd@java.com,Female,17.161.254.54
483,Pru,Goldsberry,pgoldsberryde@mozilla.org,Female,94.186.167.220
484,Griffin,Malpas,gmalpasdf@businessinsider.com,Male,173.209.1.28
485,Darell,Challender,dchallenderdg@facebook.com,Female,114.9.224.140
486,Heath,Bayfield,hbayfielddh@eventbrite.com,Male,164.42.112.55
487,Elton,Tomkin,etomkindi@weibo.com,Male,80.148.8.246
488,Neala,Klassmann,nklassmanndj@noaa.gov,Female,87.148.47.103
489,Elena,Fayerman,efayermandk@shinystat.com,Female,222.148.199.43
490,Man,Shimmings,mshimmingsdl@bbc.co.uk,Male,209.96.246.0
491,Uri,Rugiero,urugierodm@census.gov,Male,236.123.193.104
492,Ardella,Cicci,aciccidn@squarespace.com,Female,13.141.51.66
493,Sammy,Haton,shatondo@angelfire.com,Male,50.43.18.230
494,Vevay,Coope,vcoopedp@multiply.com,Female,108.243.165.90
495,Mariana,Pigrome,mpigromedq@mozilla.com,Female,162.112.45.32
496,Cari,Watkins,cwatkinsdr@live.com,Female,68.177.149.190
497,Germaine,Marlen,gmarlends@yale.edu,Male,210.198.64.225
498,Fey,Kiley,fkileydt@smugmug.com,Female,255.163.219.255
499,Linnell,Ottey,lotteydu@wikia.com,Female,173.116.81.34
500,Farica,Cubbinelli,fcubbinellidv@dropbox.com,Female,23.91.137.101
501,Ragnar,Moncreif,rmoncreifdw@behance.net,Male,228.18.21.38
502,Emili,Kenningley,ekenningleydx@cisco.com,Female,95.43.142.164
503,Billye,Sealey,bsealeydy@google.com.au,Female,238.229.31.219
504,Elmo,Rakes,erakesdz@reference.com,Male,39.152.238.92
505,Katuscha,Pyke,kpykee0@aol.com,Female,68.85.192.225
506,Shirleen,Penhale,spenhalee1@businessweek.com,Female,216.2.188.161
507,Meyer,Chadderton,mchaddertone2@thetimes.co.uk,Male,12.226.30.177
508,Farris,Blandamore,fblandamoree3@jalbum.net,Male,41.17.38.183
509,Reinold,Attreed,rattreede4@oracle.com,Male,58.7.55.138
510,Leslie,Rablin,lrabline5@webs.com,Female,89.95.181.108
511,Heall,Palombi,hpalombie6@thetimes.co.uk,Male,38.49.135.95
512,Annette,Manuello,amanuelloe7@phoca.cz,Female,75.25.224.67
513,Benson,Luce,blucee8@exblog.jp,Male,193.152.59.199
514,Basile,Pavel,bpavele9@tuttocitta.it,Male,187.87.90.202
515,Carol,Lamyman,clamymanea@apache.org,Female,241.11.142.76
516,Elene,Ciciari,eciciarieb@youku.com,Female,152.215.219.104
517,Delano,Flacknell,dflacknellec@engadget.com,Male,13.121.71.75
518,Cathryn,Quarry,cquarryed@irs.gov,Female,72.4.174.147
519,Delano,Tynan,dtynanee@squidoo.com,Male,209.146.174.165
520,Lisbeth,Etter,letteref@w3.org,Female,143.173.255.13
521,Isa,Jedras,ijedraseg@networksolutions.com,Female,100.6.209.172
522,Pearla,Varden,pvardeneh@delicious.com,Female,89.151.3.143
523,Murielle,Jellings,mjellingsei@uol.com.br,Female,146.80.49.110
524,Devy,Hawley,dhawleyej@cyberchimps.com,Male,101.255.222.219
525,Lauren,Haughey,lhaugheyek@eepurl.com,Female,209.34.97.201
526,Kevon,Bignold,kbignoldel@tuttocitta.it,Male,122.157.232.152
527,Adah,Roselli,aroselliem@wikipedia.org,Female,137.62.28.172
528,Nils,Gert,ngerten@marketwatch.com,Male,167.48.98.235
529,Mohandas,Fiddymont,mfiddymonteo@geocities.com,Male,167.241.38.139
530,Colene,Courtonne,ccourtonneep@thetimes.co.uk,Female,184.127.130.69
531,Dedie,Matyugin,dmatyugineq@livejournal.com,Female,70.8.143.49
532,Reinald,Nordass,rnordasser@shinystat.com,Male,81.91.9.231
533,Rebeka,Frangione,rfrangionees@google.com.au,Female,189.45.218.6
534,Chrissie,Vedstra,cvedstraet@upenn.edu,Male,125.203.140.4
535,Cob,Toretta,ctorettaeu@mapy.cz,Male,148.240.56.167
536,Odelia,Bagguley,obagguleyev@linkedin.com,Female,214.179.57.92
537,Eran,Aronov,earonovew@seattletimes.com,Female,116.232.47.119
538,Lela,Poone,lpooneex@jigsy.com,Female,115.161.229.240
539,Charlotte,Caudrey,ccaudreyey@dell.com,Female,180.95.121.208
540,Evie,Cumbes,ecumbesez@about.me,Female,14.176.159.168
541,Jaime,Dinning,jdinningf0@amazon.de,Male,40.198.157.205
542,Bear,Leinthall,bleinthallf1@t-online.de,Male,33.220.181.176
543,Killie,MacFayden,kmacfaydenf2@newsvine.com,Male,96.184.98.159
544,Gusti,D'Arrigo,gdarrigof3@webeden.co.uk,Female,115.239.42.118
545,Angil,Naismith,anaismithf4@reference.com,Female,163.100.136.122
546,Ealasaid,Pacheco,epachecof5@twitter.com,Female,152.178.202.163
547,Cliff,Yakobowitz,cyakobowitzf6@aboutads.info,Male,125.90.242.54
548,Kimberli,Poynton,kpoyntonf7@nsw.gov.au,Female,95.230.245.63
549,Allyson,Wanstall,awanstallf8@pen.io,Female,233.197.11.89
550,Nicky,Ciciura,nciciuraf9@yelp.com,Female,179.132.144.221
551,Dena,Roblett,droblettfa@vinaora.com,Female,88.108.226.245
552,Christopher,Louys,clouysfb@state.gov,Male,169.203.82.127
553,Keelby,Windrum,kwindrumfc@shareasale.com,Male,166.238.10.184
554,Kevina,Beasant,kbeasantfd@fda.gov,Female,87.143.211.100
555,Iorgos,Pettecrew,ipettecrewfe@yellowbook.com,Male,155.99.124.50
556,Clayton,Cumine,ccumineff@ustream.tv,Male,180.26.83.131
557,Crystie,Towndrow,ctowndrowfg@livejournal.com,Female,166.221.213.58
558,Aaren,Steaning,asteaningfh@apple.com,Female,170.153.240.245
559,Anallise,Perrat,aperratfi@xinhuanet.com,Female,181.60.60.203
560,Crin,Cruz,ccruzfj@loc.gov,Female,255.56.199.60
561,Augusta,Huntly,ahuntlyfk@reverbnation.com,Female,105.236.159.228
562,Sarine,Bazek,sbazekfl@goo.ne.jp,Female,39.249.180.208
563,Rowen,Douris,rdourisfm@printfriendly.com,Male,99.2.129.196
564,Patsy,Mistry,pmistryfn@adobe.com,Female,233.102.117.172
565,Asher,Aronson,aaronsonfo@berkeley.edu,Male,253.121.100.236
566,Nannette,Gooder,ngooderfp@yolasite.com,Female,54.86.66.253
567,Yehudit,Weatherburn,yweatherburnfq@free.fr,Male,211.237.212.6
568,Nixie,Raulstone,nraulstonefr@java.com,Female,123.49.9.186
569,Wrennie,Hailey,whaileyfs@flavors.me,Female,209.23.198.40
570,Angelico,Stuckey,astuckeyft@scribd.com,Male,188.33.252.100
571,Theodor,Dymoke,tdymokefu@cloudflare.com,Male,207.144.137.110
572,Florian,Kondratenko,fkondratenkofv@bloglines.com,Male,187.106.38.106
573,Rutherford,Tacey,rtaceyfw@umn.edu,Male,124.17.177.162
574,Haskell,Hatter,hhatterfx@gov.uk,Male,190.36.182.26
575,Marga,Stenett,mstenettfy@joomla.org,Female,188.42.208.129
576,Reid,Ellison,rellisonfz@wordpress.com,Male,17.224.196.135
577,Orrin,Stourton,ostourtong0@fda.gov,Male,72.220.113.58
578,Lamar,Watsham,lwatshamg1@webnode.com,Male,106.110.221.219
579,Daniel,Giorgioni,dgiorgionig2@yellowpages.com,Male,229.104.146.43
580,Erwin,Daniaud,edaniaudg3@rakuten.co.jp,Male,166.191.177.8
581,Torrence,Aldwich,taldwichg4@w3.org,Male,76.37.114.184
582,Malena,Stirrip,mstirripg5@slashdot.org,Female,240.151.4.23
583,Dom,Andrioni,dandrionig6@umich.edu,Male,205.179.16.193
584,Ephrem,Ghidotti,eghidottig7@cbslocal.com,Male,62.143.80.115
585,Ashton,Jannings,ajanningsg8@umn.edu,Male,225.103.60.186
586,Teriann,Aaronson,taaronsong9@cloudflare.com,Female,236.219.35.22
587,Claudie,Gatfield,cgatfieldga@sakura.ne.jp,Female,70.251.230.171
588,Bridget,Neame,bneamegb@msu.edu,Female,131.24.188.3
589,Casi,Ions,cionsgc@paginegialle.it,Female,49.149.158.199
590,Anitra,Nani,ananigd@themeforest.net,Female,205.243.215.61
591,Lucinda,Dovington,ldovingtonge@plala.or.jp,Female,152.93.222.94
592,Amandie,Wahncke,awahnckegf@netscape.com,Female,240.251.69.21
593,Daniel,Oxx,doxxgg@cam.ac.uk,Male,38.118.193.243
594,Zolly,Lewsey,zlewseygh@scientificamerican.com,Male,138.236.244.75
595,Carlota,Treske,ctreskegi@taobao.com,Female,86.96.202.104
596,Elbert,Soigoux,esoigouxgj@cnbc.com,Male,240.98.26.122
597,Boniface,Jumonet,bjumonetgk@usatoday.com,Male,188.175.25.107
598,Lorrie,Dubock,ldubockgl@sogou.com,Female,236.64.180.139
599,Brendin,Luna,blunagm@washingtonpost.com,Male,208.136.153.235
600,Merla,Kee,mkeegn@toplist.cz,Female,53.210.89.26
601,Joellyn,Mosedale,jmosedalego@telegraph.co.uk,Female,103.96.184.164
602,Tricia,Igounet,tigounetgp@sciencedaily.com,Female,129.20.110.0
603,Regine,Stallibrass,rstallibrassgq@hugedomains.com,Female,158.121.24.42
604,Base,Leggate,bleggategr@netvibes.com,Male,6.13.166.116
605,Carol-jean,Rief,criefgs@dagondesign.com,Female,210.27.180.174
606,Pansie,Burfitt,pburfittgt@nih.gov,Female,79.96.32.183
607,Emmye,Varns,evarnsgu@behance.net,Female,155.71.37.228
608,Tedman,Urpeth,turpethgv@macromedia.com,Male,76.26.113.117
609,Betteanne,Eley,beleygw@chron.com,Female,77.5.32.244
610,Angelica,Storrie,astorriegx@pbs.org,Female,95.125.214.166
611,Jerrilyn,Holstein,jholsteingy@github.io,Female,34.208.107.180
612,Merrill,Hasselby,mhasselbygz@archive.org,Male,250.85.96.26
613,Nananne,Stillman,nstillmanh0@netvibes.com,Female,236.201.29.159
614,Isidor,Vreede,ivreedeh1@parallels.com,Male,192.131.120.238
615,Burlie,Macknish,bmacknishh2@woothemes.com,Male,226.188.201.241
616,Elaina,Dukelow,edukelowh3@ameblo.jp,Female,123.243.146.10
617,Brice,MacCafferky,bmaccafferkyh4@nydailynews.com,Male,97.222.172.136
618,Mikey,Quarrell,mquarrellh5@virginia.edu,Male,17.44.44.38
619,Joete,Blatherwick,jblatherwickh6@redcross.org,Female,77.74.250.135
620,Early,Harbron,eharbronh7@booking.com,Male,210.170.250.65
621,Zea,Pollak,zpollakh8@reuters.com,Female,111.251.79.88
622,Eugenio,Loudian,eloudianh9@alibaba.com,Male,98.146.115.217
623,Shannan,Ansty,sanstyha@patch.com,Male,103.64.248.46
624,Findley,Nyland,fnylandhb@shareasale.com,Male,209.142.218.113
625,Lebbie,Bramont,lbramonthc@wisc.edu,Female,193.52.227.64
626,Bradly,Tax,btaxhd@4shared.com,Male,126.0.93.168
627,Shurlocke,Durden,sdurdenhe@drupal.org,Male,192.104.76.35
628,Blane,Ratazzi,bratazzihf@google.de,Male,68.6.210.208
629,Torrie,Grice,tgricehg@nydailynews.com,Female,119.52.39.81
630,Zaria,Hallybone,zhallybonehh@xrea.com,Female,230.22.5.203
631,Ozzie,Bearcock,obearcockhi@zimbio.com,Male,234.93.254.151
632,Saxon,Thulborn,sthulbornhj@free.fr,Male,31.212.220.75
633,Bell,Traviss,btravisshk@hubpages.com,Female,25.122.100.71
634,Hubert,Comini,hcominihl@time.com,Male,134.68.2.207
635,Arney,Gregine,agreginehm@theguardian.com,Male,87.163.117.229
636,Jaquith,Theuss,jtheusshn@yellowpages.com,Female,177.159.78.147
637,Angie,Brangan,abranganho@lycos.com,Male,160.186.42.59
638,Connor,Pendlebury,cpendleburyhp@dyndns.org,Male,254.121.46.170
639,Alric,Ciccoloi,aciccoloihq@linkedin.com,Male,17.145.30.185
640,Jorry,Martindale,jmartindalehr@nasa.gov,Female,135.23.252.190
641,Cindi,Von Brook,cvonbrookhs@nymag.com,Female,9.47.164.114
642,Der,Garmey,dgarmeyht@hexun.com,Male,192.33.61.212
643,Corliss,Canter,ccanterhu@de.vu,Female,34.136.128.133
644,Roderic,Copnar,rcopnarhv@cnn.com,Male,240.17.103.63
645,Nils,Quakley,nquakleyhw@ucsd.edu,Male,219.98.118.60
646,Falito,Andraud,fandraudhx@freewebs.com,Male,252.255.188.246
647,Isaak,McArte,imcartehy@csmonitor.com,Male,93.210.154.140
648,Gardner,Jackman,gjackmanhz@jalbum.net,Male,114.21.251.231
649,Reamonn,MacHoste,rmachostei0@opensource.org,Male,56.71.71.203
650,Erena,Scala,escalai1@webeden.co.uk,Female,9.135.18.175
651,Lars,Brangan,lbrangani2@so-net.ne.jp,Male,59.73.86.38
652,Joelly,Hargraves,jhargravesi3@wordpress.org,Female,73.58.40.178
653,Law,Collister,lcollisteri4@narod.ru,Male,190.146.185.84
654,Orren,Caslett,ocasletti5@wunderground.com,Male,65.75.224.154
655,Bren,Bursnell,bbursnelli6@example.com,Female,248.17.196.6
656,Travers,Sigmund,tsigmundi7@yandex.ru,Male,183.205.66.133
657,Myrna,Havenhand,mhavenhandi8@cargocollective.com,Female,66.114.171.246
658,Quent,Roantree,qroantreei9@accuweather.com,Male,152.241.224.95
659,Ernst,Koppe,ekoppeia@skyrock.com,Male,200.149.193.125
660,Leslie,Axon,laxonib@whitehouse.gov,Male,167.120.187.41
661,Lonni,Pettegre,lpettegreic@sakura.ne.jp,Female,209.61.18.186
662,Orson,Valti,ovaltiid@cnbc.com,Male,18.55.87.42
663,Mollee,Beri,mberiie@google.fr,Female,86.77.94.228
664,Kirby,Scrauniage,kscrauniageif@sakura.ne.jp,Male,243.162.103.61
665,Port,Simson,psimsonig@mozilla.com,Male,67.81.146.234
666,April,Fortye,afortyeih@moonfruit.com,Female,255.102.157.157
667,Nolana,Pimme,npimmeii@homestead.com,Female,211.189.94.146
668,Filmore,Raye,frayeij@stanford.edu,Male,247.239.82.218
669,Ainslee,Golthorpp,agolthorppik@fotki.com,Female,105.46.185.233
670,Breanne,Hickinbottom,bhickinbottomil@1und1.de,Female,186.153.92.133
671,Guido,Mosconi,gmosconiim@amazon.de,Male,148.237.225.128
672,Kennith,Wragge,kwraggein@w3.org,Male,141.100.129.205
673,Tasia,Gloyens,tgloyensio@behance.net,Female,117.190.109.5
674,Sande,Pachmann,spachmannip@slate.com,Female,49.22.188.1
675,Junie,McClosh,jmccloshiq@skyrock.com,Female,123.105.157.40
676,Kenneth,Wikey,kwikeyir@cam.ac.uk,Male,203.115.231.252
677,Estella,Nevett,enevettis@jimdo.com,Female,149.122.215.138
678,Dalton,Yeats,dyeatsit@g.co,Male,30.203.159.7
679,Ileane,Joire,ijoireiu@bandcamp.com,Female,228.215.104.121
680,Sergeant,Search,ssearchiv@usgs.gov,Male,182.56.40.201
681,Berti,Florez,bfloreziw@taobao.com,Female,104.223.196.42
682,Cornelius,Iddiens,ciddiensix@salon.com,Male,78.201.69.125
683,Purcell,Prose,pproseiy@whitehouse.gov,Male,97.49.243.202
684,Mindy,Emmitt,memmittiz@msu.edu,Female,28.87.244.51
685,Rowney,Mollindinia,rmollindiniaj0@icio.us,Male,153.6.235.0
686,Edin,Iacobo,eiacoboj1@businesswire.com,Female,117.246.138.171
687,Grenville,Luesley,gluesleyj2@nytimes.com,Male,177.121.155.137
688,Lek,Gahagan,lgahaganj3@liveinternet.ru,Male,32.214.53.249
689,Alethea,Coyish,acoyishj4@fc2.com,Female,17.40.190.221
690,Judon,Santore,jsantorej5@google.com,Male,2.140.21.156
691,Jorie,Matusovsky,jmatusovskyj6@nsw.gov.au,Female,106.211.101.228
692,Cirilo,Maffei,cmaffeij7@amazon.de,Male,129.198.15.78
693,Merrill,Berrisford,mberrisfordj8@histats.com,Female,35.124.48.51
694,Iris,McIlhatton,imcilhattonj9@nasa.gov,Female,168.77.74.71
695,Maryl,Self,mselfja@bizjournals.com,Female,143.174.156.161
696,Tabbie,Reith,treithjb@angelfire.com,Female,45.145.187.129
697,Lesly,Scutchings,lscutchingsjc@oracle.com,Female,15.76.206.75
698,Ray,Brimelow,rbrimelowjd@weibo.com,Male,121.173.9.46
699,Sheff,Baskett,sbaskettje@fastcompany.com,Male,9.182.196.91
700,Larine,Helwig,lhelwigjf@bing.com,Female,90.72.26.7
701,Grant,Dalgetty,gdalgettyjg@facebook.com,Male,207.167.1.124
702,Elfreda,Lushey,elusheyjh@uol.com.br,Female,179.45.128.85
703,Gram,Luberto,glubertoji@disqus.com,Male,225.58.95.113
704,Maureen,Wewell,mwewelljj@vimeo.com,Female,19.49.8.245
705,Esra,Whild,ewhildjk@who.int,Male,36.162.37.0
706,Tyne,Pero,tperojl@de.vu,Female,81.229.157.24
707,Boote,Margeram,bmargeramjm@ihg.com,Male,172.245.134.64
708,Rhonda,Spinige,rspinigejn@quantcast.com,Female,3.16.221.173
709,Lonnie,Frogley,lfrogleyjo@dagondesign.com,Female,210.238.53.119
710,Vasily,Guillotin,vguillotinjp@baidu.com,Male,190.70.16.174
711,Petronille,Scruton,pscrutonjq@acquirethisname.com,Female,122.230.27.88
712,Elayne,Chalcraft,echalcraftjr@gizmodo.com,Female,20.22.16.45
713,Jimmie,Idle,jidlejs@jigsy.com,Male,41.208.8.142
714,Erskine,McMinn,emcminnjt@sciencedirect.com,Male,44.223.194.129
715,Loralyn,Piatkowski,lpiatkowskiju@tumblr.com,Female,200.52.48.4
716,Lane,Goodman,lgoodmanjv@hud.gov,Male,90.73.105.98
717,Lindon,Joan,ljoanjw@eventbrite.com,Male,206.240.15.207
718,Janek,Colcomb,jcolcombjx@java.com,Male,125.98.85.1
719,Vernon,Dake,vdakejy@samsung.com,Male,124.212.156.248
720,Jake,Snawdon,jsnawdonjz@japanpost.jp,Male,9.197.73.219
721,Virge,Verdie,vverdiek0@creativecommons.org,Male,69.68.246.219
722,Jule,Leads,jleadsk1@tamu.edu,Male,221.36.69.136
723,Anthe,Pfeiffer,apfeifferk2@noaa.gov,Female,155.31.28.48
724,Jordan,Ciepluch,jciepluchk3@bbb.org,Male,55.223.236.212
725,Deedee,Earwicker,dearwickerk4@constantcontact.com,Female,27.176.81.3
726,Randolf,Buie,rbuiek5@fastcompany.com,Male,51.87.111.19
727,Shawna,Waterhouse,swaterhousek6@bbb.org,Female,140.74.128.206
728,Tyne,Von Der Empten,tvonderemptenk7@cnn.com,Female,23.84.45.199
729,Cy,Durgan,cdurgank8@jalbum.net,Male,124.133.169.39
730,Candi,MacNamara,cmacnamarak9@devhub.com,Female,128.40.181.21
731,Griffith,Rickesies,grickesieska@360.cn,Male,171.34.189.12
732,Malanie,Lithcow,mlithcowkb@ameblo.jp,Female,28.188.113.233
733,Ariella,Ziem,aziemkc@skype.com,Female,230.215.197.119
734,Asa,Torrans,atorranskd@t-online.de,Male,193.106.45.56
735,Romonda,Symon,rsymonke@tuttocitta.it,Female,177.218.152.91
736,Sutherlan,Duchan,sduchankf@goo.ne.jp,Male,152.159.25.176
737,Vivien,Norquay,vnorquaykg@weebly.com,Female,8.188.145.132
738,Ichabod,Gasson,igassonkh@barnesandnoble.com,Male,78.62.190.0
739,Bettine,Diffley,bdiffleyki@discovery.com,Female,2.113.161.237
740,Lenci,Farrance,lfarrancekj@macromedia.com,Male,16.17.23.38
741,Dew,Peacocke,dpeacockekk@wikipedia.org,Male,112.147.172.19
742,Florentia,Prewett,fprewettkl@uiuc.edu,Female,122.80.185.159
743,Terrence,Bail,tbailkm@technorati.com,Male,101.100.175.33
744,Lucias,Mytton,lmyttonkn@parallels.com,Male,254.242.238.35
745,Loren,Foynes,lfoynesko@latimes.com,Male,12.175.34.130
746,Pattin,Jewks,pjewkskp@dailymotion.com,Male,111.240.91.151
747,Kirbie,Jaxon,kjaxonkq@ted.com,Female,238.218.151.8
748,Johannes,Sheekey,jsheekeykr@ebay.co.uk,Male,37.230.29.14
749,Edna,Pattemore,epattemoreks@prlog.org,Female,46.213.24.69
750,Dorolice,Manzell,dmanzellkt@booking.com,Female,169.10.211.171
751,Harriott,Dikes,hdikesku@epa.gov,Female,194.164.96.132
752,Paolo,Peacey,ppeaceykv@yellowpages.com,Male,205.98.152.187
753,Iolanthe,Lindback,ilindbackkw@360.cn,Female,146.52.234.82
754,Ottilie,Ornillos,oornilloskx@odnoklassniki.ru,Female,147.233.143.6
755,Rad,Stollenwerck,rstollenwerckky@businesswire.com,Male,240.134.11.235
756,Jewelle,De Roberto,jderobertokz@xinhuanet.com,Female,50.11.193.38
757,Fleur,Greed,fgreedl0@printfriendly.com,Female,165.1.48.189
758,Ilyssa,Lovegrove,ilovegrovel1@springer.com,Female,54.217.101.109
759,Em,Campione,ecampionel2@jiathis.com,Female,111.228.172.219
760,Bobbie,Joslow,bjoslowl3@dot.gov,Male,42.100.93.166
761,Ardene,Shapter,ashapterl4@myspace.com,Female,255.63.27.244
762,Valaree,Lomen,vlomenl5@va.gov,Female,64.223.1.0
763,Marty,Gonsalo,mgonsalol6@cdc.gov,Male,125.129.1.15
764,Briano,Rekes,brekesl7@toplist.cz,Male,133.178.24.205
765,Clim,Caress,ccaressl8@cocolog-nifty.com,Male,244.65.230.87
766,Adara,Moseby,amosebyl9@surveymonkey.com,Female,100.239.135.124
767,Bobette,Gerhartz,bgerhartzla@hostgator.com,Female,148.196.250.243
768,Melisse,O'Duilleain,moduilleainlb@stanford.edu,Female,150.204.93.194
769,Sapphire,Pepys,spepyslc@vk.com,Female,168.122.169.211
770,Ailis,Pittock,apittockld@ucoz.com,Female,128.174.119.173
771,Franny,Pantry,fpantryle@purevolume.com,Female,35.126.90.95
772,Hobard,Bourner,hbournerlf@theguardian.com,Male,255.73.232.140
773,Simon,Hyndman,shyndmanlg@xrea.com,Male,72.205.52.245
774,Steward,Christian,schristianlh@usda.gov,Male,139.130.49.28
775,Louie,Yakuntzov,lyakuntzovli@columbia.edu,Male,147.131.127.19
776,Louisa,Itzakovitz,litzakovitzlj@google.it,Female,178.139.61.199
777,Shirl,Grumell,sgrumelllk@wiley.com,Female,13.1.95.250
778,Rhodie,Delion,rdelionll@ucoz.com,Female,221.239.157.112
779,Tally,Kurth,tkurthlm@cloudflare.com,Female,121.251.7.197
780,Bern,Kubec,bkubecln@ning.com,Male,1.61.167.233
781,Herman,Kuna,hkunalo@archive.org,Male,11.197.215.42
782,Cyrillus,Fallows,cfallowslp@nationalgeographic.com,Male,178.190.171.236
783,Ricky,Elson,relsonlq@acquirethisname.com,Female,181.241.3.199
784,Kaspar,Banghe,kbanghelr@digg.com,Male,151.34.136.98
785,Shirlee,McKechnie,smckechniels@aboutads.info,Female,132.153.165.128
786,Armstrong,Enochsson,aenochssonlt@opensource.org,Male,73.51.26.128
787,Judah,Williams,jwilliamslu@harvard.edu,Male,29.122.31.195
788,Pammie,Solland,psollandlv@sourceforge.net,Female,250.162.222.67
789,Wynny,Beynon,wbeynonlw@google.com.br,Female,247.201.129.250
790,Thaddus,Oddboy,toddboylx@examiner.com,Male,151.83.49.132
791,Ashely,Adam,aadamly@people.com.cn,Female,146.121.164.141
792,Eveline,Hadingham,ehadinghamlz@clickbank.net,Female,170.104.117.158
793,Cathrin,Spanswick,cspanswickm0@artisteer.com,Female,226.30.71.217
794,Felic,Gerrens,fgerrensm1@unicef.org,Male,38.63.95.18
795,Darrin,Senter,dsenterm2@mlb.com,Male,108.82.62.137
796,Nilson,Lillow,nlillowm3@jalbum.net,Male,8.216.64.181
797,Hunfredo,Hobbema,hhobbemam4@discovery.com,Male,154.72.22.75
798,Candie,Duffil,cduffilm5@ifeng.com,Female,24.138.94.168
799,Monti,Tryhorn,mtryhornm6@pinterest.com,Male,252.92.119.85
800,Lutero,Cottesford,lcottesfordm7@reddit.com,Male,63.28.115.253
801,Bellanca,Shelper,bshelperm8@last.fm,Female,187.114.12.233
802,Aeriel,Pavlenkov,apavlenkovm9@forbes.com,Female,195.245.162.54
803,Tome,Teaz,tteazma@army.mil,Male,60.48.131.135
804,Fina,Tweede,ftweedemb@tiny.cc,Female,55.21.0.75
805,Harriette,Antognazzi,hantognazzimc@techcrunch.com,Female,227.86.6.158
806,Gipsy,Derges,gdergesmd@independent.co.uk,Female,77.8.58.7
807,Dore,Spykins,dspykinsme@indiatimes.com,Male,63.24.239.117
808,Vinni,Frith,vfrithmf@blog.com,Female,233.112.129.76
809,Sascha,Witherington,switheringtonmg@webmd.com,Female,143.133.195.27
810,Hermione,Fairhurst,hfairhurstmh@usnews.com,Female,180.12.39.175
811,Winny,Crawcour,wcrawcourmi@flavors.me,Male,208.92.236.85
812,Jesselyn,Emeney,jemeneymj@webeden.co.uk,Female,247.149.143.87
813,Ariel,O'Brallaghan,aobrallaghanmk@cyberchimps.com,Male,240.20.111.92
814,Alfredo,Hymans,ahymansml@facebook.com,Male,177.151.149.48
815,Octavia,Christall,ochristallmm@so-net.ne.jp,Female,153.110.193.38
816,Angelico,Burle,aburlemn@eepurl.com,Male,105.22.171.180
817,Brear,Espy,bespymo@w3.org,Female,214.72.29.80
818,Ashley,Krzyzanowski,akrzyzanowskimp@1und1.de,Female,90.67.118.213
819,Wynn,Vlies,wvliesmq@ask.com,Male,210.109.166.237
820,Bengt,Gillyatt,bgillyattmr@constantcontact.com,Male,163.3.41.80
821,Saunders,Squibe,ssquibems@cnet.com,Male,145.166.86.164
822,Ewart,Castane,ecastanemt@noaa.gov,Male,158.250.47.4
823,Paige,Ludee,pludeemu@moonfruit.com,Male,134.10.244.145
824,Gaston,Simonetto,gsimonettomv@gov.uk,Male,142.190.179.248
825,Artie,Murtimer,amurtimermw@delicious.com,Male,219.119.239.235
826,Elisabetta,Tedridge,etedridgemx@bigcartel.com,Female,31.57.45.204
827,Mignon,Martijn,mmartijnmy@360.cn,Female,75.98.235.22
828,Skippy,Hyrons,shyronsmz@livejournal.com,Male,14.228.158.12
829,Geoff,Hutchason,ghutchasonn0@printfriendly.com,Male,154.142.2.165
830,Ros,Alibone,ralibonen1@fastcompany.com,Female,141.31.30.252
831,Merle,Farman,mfarmann2@boston.com,Female,6.253.94.125
832,Valene,Metschke,vmetschken3@sitemeter.com,Female,62.53.39.178
833,Zaneta,Noquet,znoquetn4@china.com.cn,Female,146.183.197.54
834,Aldwin,Aron,aaronn5@cocolog-nifty.com,Male,60.9.216.180
835,Udall,Befroy,ubefroyn6@dot.gov,Male,214.181.71.123
836,Kakalina,Quarles,kquarlesn7@skype.com,Female,144.184.204.185
837,Kippy,Grima,kgriman8@geocities.jp,Male,4.178.56.167
838,Bartie,Bugby,bbugbyn9@phoca.cz,Male,97.164.208.67
839,Kalle,Presslee,kpressleena@cbc.ca,Male,114.129.187.210
840,Brenden,Snoddin,bsnoddinnb@google.fr,Male,23.59.168.40
841,Tildie,Jostan,tjostannc@kickstarter.com,Female,122.119.69.88
842,Katina,Angeau,kangeaund@usatoday.com,Female,70.68.146.10
843,Rowe,Jennins,rjenninsne@hatena.ne.jp,Female,95.248.55.221
844,Felice,Hyland,fhylandnf@slashdot.org,Female,146.197.204.41
845,April,Daborn,adabornng@aol.com,Female,126.105.19.137
846,Georgina,Garthshore,ggarthshorenh@spotify.com,Female,128.70.61.46
847,Viva,Dunkley,vdunkleyni@reddit.com,Female,24.124.17.247
848,Mauricio,Beinisch,mbeinischnj@yahoo.com,Male,62.4.145.76
849,Aldus,Robatham,arobathamnk@privacy.gov.au,Male,140.4.32.36
850,Yankee,Latchford,ylatchfordnl@goodreads.com,Male,163.226.32.21
851,Niki,Tabord,ntabordnm@google.ca,Male,41.89.189.73
852,Creight,Janik,cjaniknn@printfriendly.com,Male,105.24.188.59
853,Derry,Salatino,dsalatinono@howstuffworks.com,Male,51.135.138.59
854,Aggi,Lukins,alukinsnp@51.la,Female,216.233.159.70
855,Horace,Mourge,hmourgenq@bluehost.com,Male,76.57.17.131
856,Steffen,Duthie,sduthienr@tiny.cc,Male,28.188.231.8
857,Ddene,Higgonet,dhiggonetns@de.vu,Female,150.131.247.10
858,Parke,Pye,ppyent@e-recht24.de,Male,164.8.84.161
859,Liam,Hammett,lhammettnu@sphinn.com,Male,247.166.199.165
860,Stefanie,Storck,sstorcknv@booking.com,Female,225.204.185.190
861,Doti,Jerdein,djerdeinnw@google.co.uk,Female,31.152.252.40
862,Maryellen,Boards,mboardsnx@answers.com,Female,208.205.182.205
863,Berri,Skully,bskullyny@apache.org,Female,14.167.136.7
864,Valentin,Tongue,vtonguenz@nytimes.com,Male,203.84.176.190
865,Leia,Hellmer,lhellmero0@twitpic.com,Female,86.57.221.116
866,Ashely,Yashaev,ayashaevo1@github.com,Female,40.248.76.80
867,Wylie,Wheelan,wwheelano2@cnet.com,Male,128.36.185.109
868,Bentley,Gatty,bgattyo3@pen.io,Male,213.176.8.213
869,Demott,Bolstridge,dbolstridgeo4@virginia.edu,Male,6.103.226.201
870,Ludvig,Sarsfield,lsarsfieldo5@dot.gov,Male,241.89.252.133
871,Esta,Scollard,escollardo6@1688.com,Female,204.188.132.194
872,Jermayne,Speere,jspeereo7@miibeian.gov.cn,Male,215.161.185.102
873,Luz,Lamberteschi,llamberteschio8@bbc.co.uk,Female,169.29.134.7
874,Stefania,Mowling,smowlingo9@myspace.com,Female,27.153.201.146
875,Patrice,Juan,pjuanoa@reuters.com,Female,62.38.25.27
876,Annabella,Goodsell,agoodsellob@ox.ac.uk,Female,217.111.2.87
877,Dennison,Hardes,dhardesoc@myspace.com,Male,253.186.180.246
878,Skippy,Gowers,sgowersod@technorati.com,Male,70.231.234.0
879,Sly,Brimfield,sbrimfieldoe@cloudflare.com,Male,61.107.167.155
880,Darnall,Filler,dfillerof@huffingtonpost.com,Male,53.164.74.167
881,Nicolle,Truelock,ntruelockog@pinterest.com,Female,140.50.134.116
882,Reginauld,Petche,rpetcheoh@technorati.com,Male,40.155.56.27
883,Gerhardine,Beurich,gbeurichoi@wordpress.org,Female,31.213.196.253
884,Dimitry,Gilbey,dgilbeyoj@craigslist.org,Male,53.120.233.219
885,Jule,Rulton,jrultonok@desdev.cn,Male,76.177.177.17
886,Nichol,Rickett,nrickettol@dmoz.org,Female,76.197.46.134
887,Paola,Sproat,psproatom@discovery.com,Female,28.203.212.252
888,Lesya,Burner,lburneron@stumbleupon.com,Female,238.97.90.109
889,Glen,Simenel,gsimeneloo@newyorker.com,Male,209.11.212.112
890,Ceciley,Pecht,cpechtop@livejournal.com,Female,32.195.63.112
891,Alfred,Jarrelt,ajarreltoq@upenn.edu,Male,192.190.199.32
892,Sashenka,Dansey,sdanseyor@twitter.com,Female,66.177.89.103
893,Terrell,Gallyhaock,tgallyhaockos@google.com.br,Male,51.99.179.60
894,Dolorita,Chittenden,dchittendenot@vinaora.com,Female,93.140.91.41
895,Elset,Caw,ecawou@g.co,Female,208.91.5.118
896,Kit,Seymer,kseymerov@fda.gov,Male,13.38.243.127
897,Montague,Heine,mheineow@foxnews.com,Male,6.185.111.66
898,Tory,Jolin,tjolinox@cbsnews.com,Female,251.25.201.14
899,Vittoria,Whinney,vwhinneyoy@opera.com,Female,64.227.89.141
900,Viviene,Scranney,vscranneyoz@lycos.com,Female,23.70.132.141
901,Baxy,Binfield,bbinfieldp0@archive.org,Male,170.213.253.242
902,Frank,Getch,fgetchp1@over-blog.com,Female,161.183.244.255
903,Calhoun,Brundrett,cbrundrettp2@whitehouse.gov,Male,95.150.163.63
904,Veronike,Bresland,vbreslandp3@state.tx.us,Female,164.145.254.9
905,Ardelle,Songest,asongestp4@columbia.edu,Female,141.5.218.2
906,Prince,Lechelle,plechellep5@yale.edu,Male,192.252.248.107
907,Madalyn,Loveless,mlovelessp6@google.ru,Female,175.180.2.4
908,Warren,Pittam,wpittamp7@rakuten.co.jp,Male,203.190.190.115
909,Gilda,O'Glessane,goglessanep8@studiopress.com,Female,113.91.124.244
910,Gun,McLarty,gmclartyp9@state.tx.us,Male,27.112.87.40
911,Tally,Chubb,tchubbpa@g.co,Male,9.106.103.34
912,Moishe,Tumulty,mtumultypb@merriam-webster.com,Male,76.60.220.227
913,Zachery,Gaitone,zgaitonepc@si.edu,Male,194.11.255.235
914,Jo-anne,Creedland,jcreedlandpd@icq.com,Female,93.215.24.192
915,Cori,Brasher,cbrasherpe@addthis.com,Female,239.244.234.59
916,Teodora,Holbie,tholbiepf@sun.com,Female,212.242.125.231
917,Kerianne,Zaczek,kzaczekpg@cafepress.com,Female,93.163.14.55
918,Josee,O'Bradden,jobraddenph@devhub.com,Female,236.8.165.139
919,Cami,Anersen,canersenpi@spiegel.de,Female,197.65.35.208
920,Irina,Burkhill,iburkhillpj@mapquest.com,Female,218.208.116.165
921,Ara,Corneliussen,acorneliussenpk@dropbox.com,Female,41.219.229.67
922,Anderson,Croan,acroanpl@house.gov,Male,180.231.22.207
923,Cullin,Pavlenkov,cpavlenkovpm@pinterest.com,Male,187.153.43.110
924,Adela,Bisset,abissetpn@utexas.edu,Female,227.227.93.134
925,Marjie,De Stoop,mdestooppo@last.fm,Female,164.214.128.6
926,Rebbecca,Dicty,rdictypp@diigo.com,Female,60.64.135.174
927,Griselda,Leeburne,gleeburnepq@purevolume.com,Female,181.26.205.66
928,Petunia,Grishechkin,pgrishechkinpr@pcworld.com,Female,78.81.14.51
929,Silvia,McParland,smcparlandps@sourceforge.net,Female,103.249.40.28
930,Piggy,Mandel,pmandelpt@deliciousdays.com,Male,196.138.219.37
931,Joana,Custance,jcustancepu@eventbrite.com,Female,61.32.2.135
932,Silvie,Radke,sradkepv@google.de,Female,90.131.211.125
933,Patrice,Kruszelnicki,pkruszelnickipw@purevolume.com,Male,186.201.174.92
934,Thor,Arp,tarppx@omniture.com,Male,232.204.192.10
935,Ermin,Fillingham,efillinghampy@mtv.com,Male,47.128.135.186
936,Marc,Nurse,mnursepz@bigcartel.com,Male,101.84.94.216
937,Abbott,Berthome,aberthomeq0@t-online.de,Male,3.27.93.111
938,Cheston,Backes,cbackesq1@goo.gl,Male,75.97.118.105
939,Grove,Ventura,gventuraq2@examiner.com,Male,183.184.160.64
940,Simone,Shardlow,sshardlowq3@cafepress.com,Male,30.154.164.201
941,Christine,Jakubski,cjakubskiq4@utexas.edu,Female,8.16.29.110
942,Gloria,Gaitskell,ggaitskellq5@cdbaby.com,Female,198.32.12.128
943,Tye,Genn,tgennq6@t-online.de,Male,187.21.63.36
944,Sheelah,Grahame,sgrahameq7@senate.gov,Female,14.31.233.110
945,Julie,McFater,jmcfaterq8@rambler.ru,Male,240.235.55.115
946,Saunderson,Altham,salthamq9@istockphoto.com,Male,46.132.181.249
947,Forest,Feldheim,ffeldheimqa@drupal.org,Male,213.138.171.0
948,Edeline,Portal,eportalqb@epa.gov,Female,142.34.97.29
949,Emery,Sindell,esindellqc@google.it,Male,245.254.205.86
950,Jens,Winckles,jwincklesqd@about.com,Male,230.85.209.32
951,Ky,Pryke,kprykeqe@t.co,Male,118.80.237.27
952,Merilee,Rothermel,mrothermelqf@dyndns.org,Female,98.183.77.95
953,Sheela,Collicott,scollicottqg@google.com.hk,Female,0.78.8.142
954,Victoir,Andreutti,vandreuttiqh@infoseek.co.jp,Male,221.16.73.65
955,Karrah,Baldree,kbaldreeqi@sakura.ne.jp,Female,184.206.80.16
956,Ewan,Aleevy,ealeevyqj@slideshare.net,Male,159.225.28.83
957,Roda,Androlli,randrolliqk@google.com.hk,Female,201.248.155.195
958,Roberto,Hedman,rhedmanql@hc360.com,Male,35.83.169.82
959,Maridel,Castagno,mcastagnoqm@reference.com,Female,56.52.198.68
960,Lew,Milmoe,lmilmoeqn@hc360.com,Male,70.54.48.214
961,Everett,Been,ebeenqo@biglobe.ne.jp,Male,28.98.48.251
962,Dorelle,Judge,djudgeqp@cbsnews.com,Female,122.233.6.90
963,Bird,Narbett,bnarbettqq@people.com.cn,Female,248.172.67.44
964,Gordie,Edson,gedsonqr@bloglines.com,Male,73.79.57.168
965,Adamo,Joannet,ajoannetqs@engadget.com,Male,206.67.218.116
966,Winfield,Conquer,wconquerqt@nature.com,Male,250.140.248.102
967,Kitty,Orthmann,korthmannqu@printfriendly.com,Female,28.187.97.198
968,Paula,Morsley,pmorsleyqv@tinypic.com,Female,201.230.51.233
969,Ginnifer,Bringloe,gbringloeqw@yellowbook.com,Female,249.172.136.13
970,Annaliese,Ellery,aelleryqx@dion.ne.jp,Female,234.71.237.54
971,Eb,Brewse,ebrewseqy@wikimedia.org,Male,43.133.240.99
972,Zuzana,Silvers,zsilversqz@geocities.com,Female,14.65.47.41
973,Nannie,Collingworth,ncollingworthr0@arstechnica.com,Female,89.45.131.178
974,Johan,Bartolomieu,jbartolomieur1@tamu.edu,Male,143.44.123.117
975,Dosi,Klaes,dklaesr2@patch.com,Female,96.117.6.29
976,Lyell,Fruen,lfruenr3@xinhuanet.com,Male,10.225.46.49
977,Cordell,Jaeggi,cjaeggir4@bravesites.com,Male,175.254.76.192
978,Kyle,Pozzo,kpozzor5@tamu.edu,Male,74.60.216.35
979,Inness,Probets,iprobetsr6@google.com,Male,13.150.204.224
980,Lise,Chrippes,lchrippesr7@fotki.com,Female,213.73.9.133
981,Amandie,Cahen,acahenr8@biglobe.ne.jp,Female,198.215.175.176
982,Milo,Klebes,mklebesr9@domainmarket.com,Male,152.28.145.87
983,Rurik,MacCawley,rmaccawleyra@ehow.com,Male,2.229.206.134
984,Kristyn,Cavaney,kcavaneyrb@scribd.com,Female,235.118.69.69
985,Branden,MacKeague,bmackeaguerc@washingtonpost.com,Male,235.199.167.123
986,Kennan,Chitter,kchitterrd@simplemachines.org,Male,77.184.96.13
987,Bradly,Jenny,bjennyre@rediff.com,Male,229.179.199.181
988,Margo,Stutte,mstutterf@pagesperso-orange.fr,Female,138.98.163.241
989,Carmine,Hadrill,chadrillrg@free.fr,Male,155.131.222.185
990,Ottilie,Forkan,oforkanrh@yahoo.com,Female,59.20.189.122
991,Lisette,Klagges,lklaggesri@parallels.com,Female,83.218.226.174
992,Tudor,Griswood,tgriswoodrj@jugem.jp,Male,164.96.232.204
993,Mattie,Webborn,mwebbornrk@google.com.br,Female,8.18.83.156
994,Brett,Zorener,bzorenerrl@yellowpages.com,Female,203.42.168.165
995,Joelly,Baxstare,jbaxstarerm@wordpress.com,Female,152.84.12.241
996,Aeriell,Itzkovici,aitzkovicirn@scribd.com,Female,67.251.141.18
997,Cele,Dorsey,cdorseyro@cbc.ca,Female,237.133.11.46
998,Morty,Trevena,mtrevenarp@dropbox.com,Male,205.229.109.194
999,Tori,Lowensohn,tlowensohnrq@icq.com,Female,250.131.161.118
1000,Carry,Dawkes,cdawkesrr@wikimedia.org,Female,105.192.193.12
